filename,citySlug,cityName,altText,keyword
"praxisreinigung-koeln.webp","koeln","Köln","DATRA Praxisreinigung in Köln – Professioneller Reinigungsservice","praxisreinigung"
"reinigungsservice-duesseldorf.webp","duesseldorf","Düsseldorf","DATRA Reinigungsservice in Düsseldorf – Professioneller Reinigungsservice","reinigungsservice"
"reinigungsfirma-dortmund.webp","dortmund","Dortmund","DATRA Reinigungsfirma in Dortmund – Professioneller Reinigungsservice","reinigungsfirma"
"reinigungsservice-essen.webp","essen","Essen","DATRA Reinigungsservice in Essen – Professioneller Reinigungsservice","reinigungsservice"
"praxisreinigung-duisburg.webp","duisburg","Duisburg","DATRA Praxisreinigung in Duisburg – Professioneller Reinigungsservice","praxisreinigung"
"unterhaltsreinigung-bochum.webp","bochum","Bochum","DATRA Unterhaltsreinigung in Bochum – Professioneller Reinigungsservice","unterhaltsreinigung"
"grundreinigung-wuppertal.webp","wuppertal","Wuppertal","DATRA Grundreinigung in Wuppertal – Professioneller Reinigungsservice","grundreinigung"
"grundreinigung-bielefeld.webp","bielefeld","Bielefeld","DATRA Grundreinigung in Bielefeld – Professioneller Reinigungsservice","grundreinigung"
"reinigungsfirma-bonn.webp","bonn","Bonn","DATRA Reinigungsfirma in Bonn – Professioneller Reinigungsservice","reinigungsfirma"
"gebaeudereinigung-muenster.webp","muenster","Münster","DATRA Gebäudereinigung in Münster – Professioneller Reinigungsservice","gebaeudereinigung"
"gebaeudereinigung-moenchengladbach.webp","moenchengladbach","Mönchengladbach","DATRA Gebäudereinigung in Mönchengladbach – Professioneller Reinigungsservice","gebaeudereinigung"
"grundreinigung-gelsenkirchen.webp","gelsenkirchen","Gelsenkirchen","DATRA Grundreinigung in Gelsenkirchen – Professioneller Reinigungsservice","grundreinigung"
"reinigungsservice-aachen.webp","aachen","Aachen","DATRA Reinigungsservice in Aachen – Professioneller Reinigungsservice","reinigungsservice"
"reinigungsfirma-krefeld.webp","krefeld","Krefeld","DATRA Reinigungsfirma in Krefeld – Professioneller Reinigungsservice","reinigungsfirma"
"bueroreinigung-oberhausen.webp","oberhausen","Oberhausen","DATRA Büroreinigung in Oberhausen – Professioneller Reinigungsservice","bueroreinigung"
"gebaeudereinigung-hagen.webp","hagen","Hagen","DATRA Gebäudereinigung in Hagen – Professioneller Reinigungsservice","gebaeudereinigung"
"gebaeudereinigung-hamm.webp","hamm","Hamm","DATRA Gebäudereinigung in Hamm – Professioneller Reinigungsservice","gebaeudereinigung"
"reinigungsservice-muelheim-an-der-ruhr.webp","muelheim-an-der-ruhr","Mülheim an der Ruhr","DATRA Reinigungsservice in Mülheim an der Ruhr – Professioneller Reinigungsservice","reinigungsservice"
"bueroreinigung-leverkusen.webp","leverkusen","Leverkusen","DATRA Büroreinigung in Leverkusen – Professioneller Reinigungsservice","bueroreinigung"
"industriereinigung-solingen.webp","solingen","Solingen","DATRA Industriereinigung in Solingen – Professioneller Reinigungsservice","industriereinigung"
"grundreinigung-herne.webp","herne","Herne","DATRA Grundreinigung in Herne – Professioneller Reinigungsservice","grundreinigung"
"reinigungsservice-neuss.webp","neuss","Neuss","DATRA Reinigungsservice in Neuss – Professioneller Reinigungsservice","reinigungsservice"
"reinigungsfirma-paderborn.webp","paderborn","Paderborn","DATRA Reinigungsfirma in Paderborn – Professioneller Reinigungsservice","reinigungsfirma"
"bueroreinigung-bottrop.webp","bottrop","Bottrop","DATRA Büroreinigung in Bottrop – Professioneller Reinigungsservice","bueroreinigung"
"gebaeudereinigung-recklinghausen.webp","recklinghausen","Recklinghausen","DATRA Gebäudereinigung in Recklinghausen – Professioneller Reinigungsservice","gebaeudereinigung"
"grundreinigung-remscheid.webp","remscheid","Remscheid","DATRA Grundreinigung in Remscheid – Professioneller Reinigungsservice","grundreinigung"
"bueroreinigung-bergisch-gladbach.webp","bergisch-gladbach","Bergisch Gladbach","DATRA Büroreinigung in Bergisch Gladbach – Professioneller Reinigungsservice","bueroreinigung"
"reinigungsservice-moers.webp","moers","Moers","DATRA Reinigungsservice in Moers – Professioneller Reinigungsservice","reinigungsservice"
"gebaeudereinigung-siegen.webp","siegen","Siegen","DATRA Gebäudereinigung in Siegen – Professioneller Reinigungsservice","gebaeudereinigung"
"bueroreinigung-guetersloh.webp","guetersloh","Gütersloh","DATRA Büroreinigung in Gütersloh – Professioneller Reinigungsservice","bueroreinigung"
"gebaeudereinigung-witten.webp","witten","Witten","DATRA Gebäudereinigung in Witten – Professioneller Reinigungsservice","gebaeudereinigung"
"grundreinigung-iserlohn.webp","iserlohn","Iserlohn","DATRA Grundreinigung in Iserlohn – Professioneller Reinigungsservice","grundreinigung"
"gebaeudereinigung-dueren.webp","dueren","Düren","DATRA Gebäudereinigung in Düren – Professioneller Reinigungsservice","gebaeudereinigung"
"reinigungsservice-ratingen.webp","ratingen","Ratingen","DATRA Reinigungsservice in Ratingen – Professioneller Reinigungsservice","reinigungsservice"
"industriereinigung-luenen.webp","luenen","Lünen","DATRA Industriereinigung in Lünen – Professioneller Reinigungsservice","industriereinigung"
"bueroreinigung-marl.webp","marl","Marl","DATRA Büroreinigung in Marl – Professioneller Reinigungsservice","bueroreinigung"
"bueroreinigung-velbert.webp","velbert","Velbert","DATRA Büroreinigung in Velbert – Professioneller Reinigungsservice","bueroreinigung"
"gebaeudereinigung-minden.webp","minden","Minden","DATRA Gebäudereinigung in Minden – Professioneller Reinigungsservice","gebaeudereinigung"
"bueroreinigung-troisdorf.webp","troisdorf","Troisdorf","DATRA Büroreinigung in Troisdorf – Professioneller Reinigungsservice","bueroreinigung"
"bueroreinigung-viersen.webp","viersen","Viersen","DATRA Büroreinigung in Viersen – Professioneller Reinigungsservice","bueroreinigung"
"gebaeudereinigung-rheine.webp","rheine","Rheine","DATRA Gebäudereinigung in Rheine – Professioneller Reinigungsservice","gebaeudereinigung"
"praxisreinigung-luedenscheid.webp","luedenscheid","Lüdenscheid","DATRA Praxisreinigung in Lüdenscheid – Professioneller Reinigungsservice","praxisreinigung"
"bueroreinigung-castrop-rauxel.webp","castrop-rauxel","Castrop-Rauxel","DATRA Büroreinigung in Castrop-Rauxel – Professioneller Reinigungsservice","bueroreinigung"
"praxisreinigung-gladbeck.webp","gladbeck","Gladbeck","DATRA Praxisreinigung in Gladbeck – Professioneller Reinigungsservice","praxisreinigung"
"industriereinigung-dorsten.webp","dorsten","Dorsten","DATRA Industriereinigung in Dorsten – Professioneller Reinigungsservice","industriereinigung"
"praxisreinigung-detmold.webp","detmold","Detmold","DATRA Praxisreinigung in Detmold – Professioneller Reinigungsservice","praxisreinigung"
"bueroreinigung-arnsberg.webp","arnsberg","Arnsberg","DATRA Büroreinigung in Arnsberg – Professioneller Reinigungsservice","bueroreinigung"
"gebaeudereinigung-bocholt.webp","bocholt","Bocholt","DATRA Gebäudereinigung in Bocholt – Professioneller Reinigungsservice","gebaeudereinigung"
"reinigungsfirma-lippstadt.webp","lippstadt","Lippstadt","DATRA Reinigungsfirma in Lippstadt – Professioneller Reinigungsservice","reinigungsfirma"
"praxisreinigung-dinslaken.webp","dinslaken","Dinslaken","DATRA Praxisreinigung in Dinslaken – Professioneller Reinigungsservice","praxisreinigung"
"bueroreinigung-luebbecke.webp","luebbecke","Lübbecke","DATRA Büroreinigung in Lübbecke – Professioneller Reinigungsservice","bueroreinigung"
"reinigungsfirma-kerpen.webp","kerpen","Kerpen","DATRA Reinigungsfirma in Kerpen – Professioneller Reinigungsservice","reinigungsfirma"
"unterhaltsreinigung-wesel.webp","wesel","Wesel","DATRA Unterhaltsreinigung in Wesel – Professioneller Reinigungsservice","unterhaltsreinigung"
"unterhaltsreinigung-grevenbroich.webp","grevenbroich","Grevenbroich","DATRA Unterhaltsreinigung in Grevenbroich – Professioneller Reinigungsservice","unterhaltsreinigung"
"reinigungsservice-herten.webp","herten","Herten","DATRA Reinigungsservice in Herten – Professioneller Reinigungsservice","reinigungsservice"
"gebaeudereinigung-bergheim.webp","bergheim","Bergheim","DATRA Gebäudereinigung in Bergheim – Professioneller Reinigungsservice","gebaeudereinigung"
"reinigungsfirma-dormagen.webp","dormagen","Dormagen","DATRA Reinigungsfirma in Dormagen – Professioneller Reinigungsservice","reinigungsfirma"
"grundreinigung-unna.webp","unna","Unna","DATRA Grundreinigung in Unna – Professioneller Reinigungsservice","grundreinigung"
"unterhaltsreinigung-langenfeld.webp","langenfeld","Langenfeld","DATRA Unterhaltsreinigung in Langenfeld – Professioneller Reinigungsservice","unterhaltsreinigung"
"grundreinigung-willich.webp","willich","Willich","DATRA Grundreinigung in Willich – Professioneller Reinigungsservice","grundreinigung"
"unterhaltsreinigung-huerth.webp","huerth","Hürth","DATRA Unterhaltsreinigung in Hürth – Professioneller Reinigungsservice","unterhaltsreinigung"
"bueroreinigung-hilden.webp","hilden","Hilden","DATRA Büroreinigung in Hilden – Professioneller Reinigungsservice","bueroreinigung"
"unterhaltsreinigung-meerbusch.webp","meerbusch","Meerbusch","DATRA Unterhaltsreinigung in Meerbusch – Professioneller Reinigungsservice","unterhaltsreinigung"
"grundreinigung-pulheim.webp","pulheim","Pulheim","DATRA Grundreinigung in Pulheim – Professioneller Reinigungsservice","grundreinigung"
"reinigungsfirma-wesseling.webp","wesseling","Wesseling","DATRA Reinigungsfirma in Wesseling – Professioneller Reinigungsservice","reinigungsfirma"
"praxisreinigung-euskirchen.webp","euskirchen","Euskirchen","DATRA Praxisreinigung in Euskirchen – Professioneller Reinigungsservice","praxisreinigung"
"bueroreinigung-niederkassel.webp","niederkassel","Niederkassel","DATRA Büroreinigung in Niederkassel – Professioneller Reinigungsservice","bueroreinigung"
"reinigungsservice-erkelenz.webp","erkelenz","Erkelenz","DATRA Reinigungsservice in Erkelenz – Professioneller Reinigungsservice","reinigungsservice"
"reinigungsservice-sankt-augustin.webp","sankt-augustin","Sankt Augustin","DATRA Reinigungsservice in Sankt Augustin – Professioneller Reinigungsservice","reinigungsservice"
"praxisreinigung-koenigswinter.webp","koenigswinter","Königswinter","DATRA Praxisreinigung in Königswinter – Professioneller Reinigungsservice","praxisreinigung"
"bueroreinigung-bruehl.webp","bruehl","Brühl","DATRA Büroreinigung in Brühl – Professioneller Reinigungsservice","bueroreinigung"
"unterhaltsreinigung-siegburg.webp","siegburg","Siegburg","DATRA Unterhaltsreinigung in Siegburg – Professioneller Reinigungsservice","unterhaltsreinigung"
"bueroreinigung-hennef.webp","hennef","Hennef","DATRA Büroreinigung in Hennef – Professioneller Reinigungsservice","bueroreinigung"
"industriereinigung-kleve.webp","kleve","Kleve","DATRA Industriereinigung in Kleve – Professioneller Reinigungsservice","industriereinigung"
"gebaeudereinigung-frechen.webp","frechen","Frechen","DATRA Gebäudereinigung in Frechen – Professioneller Reinigungsservice","gebaeudereinigung"
"praxisreinigung-uebach-palenberg.webp","uebach-palenberg","Übach-Palenberg","DATRA Praxisreinigung in Übach-Palenberg – Professioneller Reinigungsservice","praxisreinigung"
"unterhaltsreinigung-kamp-lintfort.webp","kamp-lintfort","Kamp-Lintfort","DATRA Unterhaltsreinigung in Kamp-Lintfort – Professioneller Reinigungsservice","unterhaltsreinigung"
"praxisreinigung-erkrath.webp","erkrath","Erkrath","DATRA Praxisreinigung in Erkrath – Professioneller Reinigungsservice","praxisreinigung"
"unterhaltsreinigung-meckenheim.webp","meckenheim","Meckenheim","DATRA Unterhaltsreinigung in Meckenheim – Professioneller Reinigungsservice","unterhaltsreinigung"
"grundreinigung-mettmann.webp","mettmann","Mettmann","DATRA Grundreinigung in Mettmann – Professioneller Reinigungsservice","grundreinigung"
"bueroreinigung-rheinbach.webp","rheinbach","Rheinbach","DATRA Büroreinigung in Rheinbach – Professioneller Reinigungsservice","bueroreinigung"
"reinigungsservice-gevelsberg.webp","gevelsberg","Gevelsberg","DATRA Reinigungsservice in Gevelsberg – Professioneller Reinigungsservice","reinigungsservice"
"praxisreinigung-emsdetten.webp","emsdetten","Emsdetten","DATRA Praxisreinigung in Emsdetten – Professioneller Reinigungsservice","praxisreinigung"
"reinigungsfirma-schwerte.webp","schwerte","Schwerte","DATRA Reinigungsfirma in Schwerte – Professioneller Reinigungsservice","reinigungsfirma"
"praxisreinigung-erftstadt.webp","erftstadt","Erftstadt","DATRA Praxisreinigung in Erftstadt – Professioneller Reinigungsservice","praxisreinigung"
"praxisreinigung-rheda-wiedenbrueck.webp","rheda-wiedenbrueck","Rheda-Wiedenbrück","DATRA Praxisreinigung in Rheda-Wiedenbrück – Professioneller Reinigungsservice","praxisreinigung"
"gebaeudereinigung-buende.webp","buende","Bünde","DATRA Gebäudereinigung in Bünde – Professioneller Reinigungsservice","gebaeudereinigung"
"reinigungsservice-kaarst.webp","kaarst","Kaarst","DATRA Reinigungsservice in Kaarst – Professioneller Reinigungsservice","reinigungsservice"
"unterhaltsreinigung-meschede.webp","meschede","Meschede","DATRA Unterhaltsreinigung in Meschede – Professioneller Reinigungsservice","unterhaltsreinigung"
"gebaeudereinigung-schwelm.webp","schwelm","Schwelm","DATRA Gebäudereinigung in Schwelm – Professioneller Reinigungsservice","gebaeudereinigung"